,PassengerId,Survived,Pclass,Sex,Age,Fare,Embarked,Is_male,FamilySize,Title
0,1,0,3,male,Adult,7.25,S,1,1,Mr
1,2,1,1,female,Adult,71.2833,C,0,1,Mrs
2,3,1,3,female,Adult,7.925,S,0,0,Miss
3,4,1,1,female,Adult,53.1,S,0,1,Mrs
4,5,0,3,male,Adult,8.05,S,1,0,Mr
5,6,0,3,male,Adult,8.4583,Q,1,0,Mr
6,7,0,1,male,Elder,51.8625,S,1,0,Mr
7,8,0,3,male,Child,21.075,S,1,4,Master
8,9,1,3,female,Adult,11.1333,S,0,2,Mrs
9,10,1,2,female,Adult,30.0708,C,0,1,Mrs
10,11,1,3,female,Child,16.7,S,0,2,Miss
11,12,1,1,female,Elder,26.55,S,0,0,Miss
12,13,0,3,male,Adult,8.05,S,1,0,Mr
13,14,0,3,male,Adult,31.275,S,1,6,Mr
14,15,0,3,female,Adult,7.8542,S,0,0,Miss
15,16,1,2,female,Elder,16.0,S,0,0,Mrs
16,17,0,3,male,Child,29.125,Q,1,5,Master
17,18,1,2,male,Adult,13.0,S,1,0,Mr
18,19,0,3,female,Adult,18.0,S,0,1,Mrs
19,20,1,3,female,Adult,7.225,C,0,0,Mrs
20,21,0,2,male,Adult,26.0,S,1,0,Mr
21,22,1,2,male,Adult,13.0,S,1,0,Mr
22,23,1,3,female,Adult,8.0292,Q,0,0,Miss
23,24,1,1,male,Adult,35.5,S,1,0,Mr
24,25,0,3,female,Child,21.075,S,0,4,Miss
25,26,1,3,female,Adult,31.3875,S,0,6,Mrs
26,27,0,3,male,Adult,7.225,C,1,0,Mr
27,28,0,1,male,Adult,263.0,S,1,5,Mr
28,29,1,3,female,Adult,7.8792,Q,0,0,Miss
29,30,0,3,male,Adult,7.8958,S,1,0,Mr
30,31,0,1,male,Adult,27.7208,C,1,0,Other
31,32,1,1,female,Adult,146.5208,C,0,1,Mrs
32,33,1,3,female,Adult,7.75,Q,0,0,Miss
33,34,0,2,male,Elder,10.5,S,1,0,Mr
34,35,0,1,male,Adult,82.1708,C,1,1,Mr
35,36,0,1,male,Adult,52.0,S,1,1,Mr
36,37,1,3,male,Adult,7.2292,C,1,0,Mr
37,38,0,3,male,Adult,8.05,S,1,0,Mr
38,39,0,3,female,Adult,18.0,S,0,2,Miss
39,40,1,3,female,Adult,11.2417,C,0,1,Miss
40,41,0,3,female,Adult,9.475,S,0,1,Mrs
41,42,0,2,female,Adult,21.0,S,0,1,Mrs
42,43,0,3,male,Adult,7.8958,C,1,0,Mr
43,44,1,2,female,Child,41.5792,C,0,3,Miss
44,45,1,3,female,Adult,7.8792,Q,0,0,Miss
45,46,0,3,male,Adult,8.05,S,1,0,Mr
46,47,0,3,male,Adult,15.5,Q,1,1,Mr
47,48,1,3,female,Adult,7.75,Q,0,0,Miss
48,49,0,3,male,Adult,21.6792,C,1,2,Mr
49,50,0,3,female,Adult,17.8,S,0,1,Mrs
50,51,0,3,male,Child,39.6875,S,1,5,Master
51,52,0,3,male,Adult,7.8,S,1,0,Mr
52,53,1,1,female,Adult,76.7292,C,0,1,Mrs
53,54,1,2,female,Adult,26.0,S,0,1,Mrs
54,55,0,1,male,Elder,61.9792,C,1,1,Mr
55,56,1,1,male,Adult,35.5,S,1,0,Mr
56,57,1,2,female,Adult,10.5,S,0,0,Miss
57,58,0,3,male,Adult,7.2292,C,1,0,Mr
58,59,1,2,female,Child,27.75,S,0,3,Miss
59,60,0,3,male,Child,46.9,S,1,7,Master
60,61,0,3,male,Adult,7.2292,C,1,0,Mr
61,62,1,1,female,Adult,80.0,,0,0,Miss
62,63,0,1,male,Adult,83.475,S,1,1,Mr
63,64,0,3,male,Child,27.9,S,1,5,Master
64,65,0,1,male,Adult,27.7208,C,1,0,Mr
65,66,1,3,male,Child,15.2458,C,1,2,Master
66,67,1,2,female,Adult,10.5,S,0,0,Mrs
67,68,0,3,male,Adult,8.1583,S,1,0,Mr
68,69,1,3,female,Adult,7.925,S,0,6,Miss
69,70,0,3,male,Adult,8.6625,S,1,2,Mr
70,71,0,2,male,Adult,10.5,S,1,0,Mr
71,72,0,3,female,Adult,46.9,S,0,7,Miss
72,73,0,2,male,Adult,73.5,S,1,0,Mr
73,74,0,3,male,Adult,14.4542,C,1,1,Mr
74,75,1,3,male,Adult,56.4958,S,1,0,Mr
75,76,0,3,male,Adult,7.65,S,1,0,Mr
76,77,0,3,male,Adult,7.8958,S,1,0,Mr
77,78,0,3,male,Adult,8.05,S,1,0,Mr
78,79,1,2,male,,29.0,S,1,2,Master
79,80,1,3,female,Adult,12.475,S,0,0,Miss
80,81,0,3,male,Adult,9.0,S,1,0,Mr
81,82,1,3,male,Adult,9.5,S,1,0,Mr
82,83,1,3,female,Adult,7.7875,Q,0,0,Miss
83,84,0,1,male,Adult,47.1,S,1,0,Mr
84,85,1,2,female,Adult,10.5,S,0,0,Miss
85,86,1,3,female,Adult,15.85,S,0,3,Mrs
86,87,0,3,male,Adult,34.375,S,1,4,Mr
87,88,0,3,male,Adult,8.05,S,1,0,Mr
88,89,1,1,female,Adult,263.0,S,0,5,Miss
89,90,0,3,male,Adult,8.05,S,1,0,Mr
90,91,0,3,male,Adult,8.05,S,1,0,Mr
91,92,0,3,male,Adult,7.8542,S,1,0,Mr
92,93,0,1,male,Adult,61.175,S,1,1,Mr
93,94,0,3,male,Adult,20.575,S,1,3,Mr
94,95,0,3,male,Elder,7.25,S,1,0,Mr
95,96,0,3,male,Adult,8.05,S,1,0,Mr
96,97,0,1,male,Elder,34.6542,C,1,0,Mr
97,98,1,1,male,Adult,63.3583,C,1,1,Mr
98,99,1,2,female,Adult,23.0,S,0,1,Mrs
99,100,0,2,male,Adult,26.0,S,1,1,Mr
100,101,0,3,female,Adult,7.8958,S,0,0,Miss
101,102,0,3,male,Adult,7.8958,S,1,0,Mr
102,103,0,1,male,Adult,77.2875,S,1,1,Mr
103,104,0,3,male,Adult,8.6542,S,1,0,Mr
104,105,0,3,male,Adult,7.925,S,1,2,Mr
105,106,0,3,male,Adult,7.8958,S,1,0,Mr
106,107,1,3,female,Adult,7.65,S,0,0,Miss
107,108,1,3,male,Adult,7.775,S,1,0,Mr
108,109,0,3,male,Adult,7.8958,S,1,0,Mr
109,110,1,3,female,Adult,24.15,Q,0,1,Miss
110,111,0,1,male,Adult,52.0,S,1,0,Mr
111,112,0,3,female,Adult,14.4542,C,0,1,Miss
112,113,0,3,male,Adult,8.05,S,1,0,Mr
113,114,0,3,female,Adult,9.825,S,0,1,Miss
114,115,0,3,female,Adult,14.4583,C,0,0,Miss
115,116,0,3,male,Adult,7.925,S,1,0,Mr
116,117,0,3,male,Elder,7.75,Q,1,0,Mr
117,118,0,2,male,Adult,21.0,S,1,1,Mr
118,119,0,1,male,Adult,247.5208,C,1,1,Mr
119,120,0,3,female,Child,31.275,S,0,6,Miss
120,121,0,2,male,Adult,73.5,S,1,2,Mr
121,122,0,3,male,Adult,8.05,S,1,0,Mr
122,123,0,2,male,Adult,30.0708,C,1,1,Mr
123,124,1,2,female,Adult,13.0,S,0,0,Miss
124,125,0,1,male,Elder,77.2875,S,1,1,Mr
125,126,1,3,male,Child,11.2417,C,1,1,Master
126,127,0,3,male,Adult,7.75,Q,1,0,Mr
127,128,1,3,male,Adult,7.1417,S,1,0,Mr
128,129,1,3,female,Adult,22.3583,C,0,2,Miss
129,130,0,3,male,Adult,6.975,S,1,0,Mr
130,131,0,3,male,Adult,7.8958,C,1,0,Mr
131,132,0,3,male,Adult,7.05,S,1,0,Mr
132,133,0,3,female,Adult,14.5,S,0,1,Mrs
133,134,1,2,female,Adult,26.0,S,0,1,Mrs
134,135,0,2,male,Adult,13.0,S,1,0,Mr
135,136,0,2,male,Adult,15.0458,C,1,0,Mr
136,137,1,1,female,Adult,26.2833,S,0,2,Miss
137,138,0,1,male,Adult,53.1,S,1,1,Mr
138,139,0,3,male,Adult,9.2167,S,1,0,Mr
139,140,0,1,male,Adult,79.2,C,1,0,Mr
140,141,0,3,female,Adult,15.2458,C,0,2,Mrs
141,142,1,3,female,Adult,7.75,S,0,0,Miss
142,143,1,3,female,Adult,15.85,S,0,1,Mrs
143,144,0,3,male,Adult,6.75,Q,1,0,Mr
144,145,0,2,male,Adult,11.5,S,1,0,Mr
145,146,0,2,male,Adult,36.75,S,1,2,Mr
146,147,1,3,male,Adult,7.7958,S,1,0,Mr
147,148,0,3,female,Child,34.375,S,0,4,Miss
148,149,0,2,male,Adult,26.0,S,1,2,Mr
149,150,0,2,male,Adult,13.0,S,1,0,Other
150,151,0,2,male,Elder,12.525,S,1,0,Other
151,152,1,1,female,Adult,66.6,S,0,1,Mrs
152,153,0,3,male,Elder,8.05,S,1,0,Mr
153,154,0,3,male,Adult,14.5,S,1,2,Mr
154,155,0,3,male,Adult,7.3125,S,1,0,Mr
155,156,0,1,male,Elder,61.3792,C,1,1,Mr
156,157,1,3,female,Adult,7.7333,Q,0,0,Miss
157,158,0,3,male,Adult,8.05,S,1,0,Mr
158,159,0,3,male,Adult,8.6625,S,1,0,Mr
159,160,0,3,male,Child,69.55,S,1,10,Master
160,161,0,3,male,Adult,16.1,S,1,1,Mr
161,162,1,2,female,Adult,15.75,S,0,0,Mrs
162,163,0,3,male,Adult,7.775,S,1,0,Mr
163,164,0,3,male,Adult,8.6625,S,1,0,Mr
164,165,0,3,male,,39.6875,S,1,5,Master
165,166,1,3,male,Child,20.525,S,1,2,Master
166,167,1,1,female,Adult,55.0,S,0,1,Mrs
167,168,0,3,female,Adult,27.9,S,0,5,Mrs
168,169,0,1,male,Adult,25.925,S,1,0,Mr
169,170,0,3,male,Adult,56.4958,S,1,0,Mr
170,171,0,1,male,Elder,33.5,S,1,0,Mr
171,172,0,3,male,Child,29.125,Q,1,5,Master
172,173,1,3,female,,11.1333,S,0,2,Miss
173,174,0,3,male,Adult,7.925,S,1,0,Mr
174,175,0,1,male,Elder,30.6958,C,1,0,Mr
175,176,0,3,male,Adult,7.8542,S,1,2,Mr
176,177,0,3,male,Child,25.4667,S,1,4,Master
177,178,0,1,female,Adult,28.7125,C,0,0,Miss
178,179,0,2,male,Adult,13.0,S,1,0,Mr
179,180,0,3,male,Adult,0.0,S,1,0,Mr
180,181,0,3,female,Adult,69.55,S,0,10,Miss
181,182,0,2,male,Adult,15.05,C,1,0,Mr
182,183,0,3,male,Child,31.3875,S,1,6,Master
183,184,1,2,male,,39.0,S,1,3,Master
184,185,1,3,female,Child,22.025,S,0,2,Miss
185,186,0,1,male,Adult,50.0,S,1,0,Mr
186,187,1,3,female,Adult,15.5,Q,0,1,Mrs
187,188,1,1,male,Adult,26.55,S,1,0,Mr
188,189,0,3,male,Adult,15.5,Q,1,2,Mr
189,190,0,3,male,Adult,7.8958,S,1,0,Mr
190,191,1,2,female,Adult,13.0,S,0,0,Mrs
191,192,0,2,male,Adult,13.0,S,1,0,Mr
192,193,1,3,female,Adult,7.8542,S,0,1,Miss
193,194,1,2,male,Child,26.0,S,1,2,Master
194,195,1,1,female,Adult,27.7208,C,0,0,Mrs
195,196,1,1,female,Elder,146.5208,C,0,0,Miss
196,197,0,3,male,Adult,7.75,Q,1,0,Mr
197,198,0,3,male,Adult,8.4042,S,1,1,Mr
198,199,1,3,female,Adult,7.75,Q,0,0,Miss
199,200,0,2,female,Adult,13.0,S,0,0,Miss
200,201,0,3,male,Adult,9.5,S,1,0,Mr
201,202,0,3,male,Adult,69.55,S,1,10,Mr
202,203,0,3,male,Adult,6.4958,S,1,0,Mr
203,204,0,3,male,Adult,7.225,C,1,0,Mr
204,205,1,3,male,Adult,8.05,S,1,0,Mr
205,206,0,3,female,Child,10.4625,S,0,1,Miss
206,207,0,3,male,Adult,15.85,S,1,1,Mr
207,208,1,3,male,Adult,18.7875,C,1,0,Mr
208,209,1,3,female,Adult,7.75,Q,0,0,Miss
209,210,1,1,male,Adult,31.0,C,1,0,Mr
210,211,0,3,male,Adult,7.05,S,1,0,Mr
211,212,1,2,female,Adult,21.0,S,0,0,Miss
212,213,0,3,male,Adult,7.25,S,1,0,Mr
213,214,0,2,male,Adult,13.0,S,1,0,Mr
214,215,0,3,male,Adult,7.75,Q,1,1,Mr
215,216,1,1,female,Adult,113.275,C,0,1,Miss
216,217,1,3,female,Adult,7.925,S,0,0,Miss
217,218,0,2,male,Adult,27.0,S,1,1,Mr
218,219,1,1,female,Adult,76.2917,C,0,0,Miss
219,220,0,2,male,Adult,10.5,S,1,0,Mr
220,221,1,3,male,Adult,8.05,S,1,0,Mr
221,222,0,2,male,Adult,13.0,S,1,0,Mr
222,223,0,3,male,Elder,8.05,S,1,0,Mr
223,224,0,3,male,Adult,7.8958,S,1,0,Mr
224,225,1,1,male,Adult,90.0,S,1,1,Mr
225,226,0,3,male,Adult,9.35,S,1,0,Mr
226,227,1,2,male,Adult,10.5,S,1,0,Mr
227,228,0,3,male,Adult,7.25,S,1,0,Mr
228,229,0,2,male,Adult,13.0,S,1,0,Mr
229,230,0,3,female,Adult,25.4667,S,0,4,Miss
230,231,1,1,female,Adult,83.475,S,0,1,Mrs
231,232,0,3,male,Adult,7.775,S,1,0,Mr
232,233,0,2,male,Elder,13.5,S,1,0,Mr
233,234,1,3,female,Child,31.3875,S,0,6,Miss
234,235,0,2,male,Adult,10.5,S,1,0,Mr
235,236,0,3,female,Adult,7.55,S,0,0,Miss
236,237,0,2,male,Adult,26.0,S,1,1,Mr
237,238,1,2,female,Child,26.25,S,0,2,Miss
238,239,0,2,male,Adult,10.5,S,1,0,Mr
239,240,0,2,male,Adult,12.275,S,1,0,Mr
240,241,0,3,female,Adult,14.4542,C,0,1,Miss
241,242,1,3,female,Adult,15.5,Q,0,1,Miss
242,243,0,2,male,Adult,10.5,S,1,0,Mr
243,244,0,3,male,Adult,7.125,S,1,0,Mr
244,245,0,3,male,Adult,7.225,C,1,0,Mr
245,246,0,1,male,Adult,90.0,Q,1,2,Other
246,247,0,3,female,Adult,7.775,S,0,0,Miss
247,248,1,2,female,Adult,14.5,S,0,2,Mrs
248,249,1,1,male,Adult,52.5542,S,1,2,Mr
249,250,0,2,male,Elder,26.0,S,1,1,Other
250,251,0,3,male,Adult,7.25,S,1,0,Mr
251,252,0,3,female,Adult,10.4625,S,0,2,Mrs
252,253,0,1,male,Elder,26.55,S,1,0,Mr
253,254,0,3,male,Adult,16.1,S,1,1,Mr
254,255,0,3,female,Adult,20.2125,S,0,2,Mrs
255,256,1,3,female,Adult,15.2458,C,0,2,Mrs
256,257,1,1,female,Adult,79.2,C,0,0,Mrs
257,258,1,1,female,Adult,86.5,S,0,0,Miss
258,259,1,1,female,Adult,512.3292,C,0,0,Miss
259,260,1,2,female,Adult,26.0,S,0,1,Mrs
260,261,0,3,male,Adult,7.75,Q,1,0,Mr
261,262,1,3,male,Child,31.3875,S,1,6,Master
262,263,0,1,male,Elder,79.65,S,1,2,Mr
263,264,0,1,male,Adult,0.0,S,1,0,Mr
264,265,0,3,female,Adult,7.75,Q,0,0,Miss
265,266,0,2,male,Adult,10.5,S,1,0,Mr
266,267,0,3,male,Adult,39.6875,S,1,5,Mr
267,268,1,3,male,Adult,7.775,S,1,1,Mr
268,269,1,1,female,Elder,153.4625,S,0,1,Mrs
269,270,1,1,female,Adult,135.6333,S,0,0,Miss
270,271,0,1,male,Adult,31.0,S,1,0,Mr
271,272,1,3,male,Adult,0.0,S,1,0,Mr
272,273,1,2,female,Adult,19.5,S,0,1,Mrs
273,274,0,1,male,Adult,29.7,C,1,1,Mr
274,275,1,3,female,Adult,7.75,Q,0,0,Miss
275,276,1,1,female,Elder,77.9583,S,0,1,Miss
276,277,0,3,female,Adult,7.75,S,0,0,Miss
277,278,0,2,male,Adult,0.0,S,1,0,Mr
278,279,0,3,male,Child,29.125,Q,1,5,Master
279,280,1,3,female,Adult,20.25,S,0,2,Mrs
280,281,0,3,male,Elder,7.75,Q,1,0,Mr
281,282,0,3,male,Adult,7.8542,S,1,0,Mr
282,283,0,3,male,Adult,9.5,S,1,0,Mr
283,284,1,3,male,Adult,8.05,S,1,0,Mr
284,285,0,1,male,Adult,26.0,S,1,0,Mr
285,286,0,3,male,Adult,8.6625,C,1,0,Mr
286,287,1,3,male,Adult,9.5,S,1,0,Mr
287,288,0,3,male,Adult,7.8958,S,1,0,Mr
288,289,1,2,male,Adult,13.0,S,1,0,Mr
289,290,1,3,female,Adult,7.75,Q,0,0,Miss
290,291,1,1,female,Adult,78.85,S,0,0,Miss
291,292,1,1,female,Adult,91.0792,C,0,1,Mrs
292,293,0,2,male,Adult,12.875,C,1,0,Mr
293,294,0,3,female,Adult,8.85,S,0,0,Miss
294,295,0,3,male,Adult,7.8958,S,1,0,Mr
295,296,0,1,male,Adult,27.7208,C,1,0,Mr
296,297,0,3,male,Adult,7.2292,C,1,0,Mr
297,298,0,1,female,Child,151.55,S,0,3,Miss
298,299,1,1,male,Adult,30.5,S,1,0,Mr
299,300,1,1,female,Adult,247.5208,C,0,1,Mrs
300,301,1,3,female,Adult,7.75,Q,0,0,Miss
301,302,1,3,male,Adult,23.25,Q,1,2,Mr
302,303,0,3,male,Adult,0.0,S,1,0,Mr
303,304,1,2,female,Adult,12.35,Q,0,0,Miss
304,305,0,3,male,Adult,8.05,S,1,0,Mr
305,306,1,1,male,,151.55,S,1,3,Master
306,307,1,1,female,Adult,110.8833,C,0,0,Miss
307,308,1,1,female,Adult,108.9,C,0,1,Mrs
308,309,0,2,male,Adult,24.0,C,1,1,Mr
309,310,1,1,female,Adult,56.9292,C,0,0,Miss
310,311,1,1,female,Adult,83.1583,C,0,0,Miss
311,312,1,1,female,Adult,262.375,C,0,4,Miss
312,313,0,2,female,Adult,26.0,S,0,2,Mrs
313,314,0,3,male,Adult,7.8958,S,1,0,Mr
314,315,0,2,male,Adult,26.25,S,1,2,Mr
315,316,1,3,female,Adult,7.8542,S,0,0,Miss
316,317,1,2,female,Adult,26.0,S,0,1,Mrs
317,318,0,2,male,Elder,14.0,S,1,0,Other
318,319,1,1,female,Adult,164.8667,S,0,2,Miss
319,320,1,1,female,Adult,134.5,C,0,2,Mrs
320,321,0,3,male,Adult,7.25,S,1,0,Mr
321,322,0,3,male,Adult,7.8958,S,1,0,Mr
322,323,1,2,female,Adult,12.35,Q,0,0,Miss
323,324,1,2,female,Adult,29.0,S,0,2,Mrs
324,325,0,3,male,Adult,69.55,S,1,10,Mr
325,326,1,1,female,Adult,135.6333,C,0,0,Miss
326,327,0,3,male,Elder,6.2375,S,1,0,Mr
327,328,1,2,female,Adult,13.0,S,0,0,Mrs
328,329,1,3,female,Adult,20.525,S,0,2,Mrs
329,330,1,1,female,Adult,57.9792,C,0,1,Miss
330,331,1,3,female,Adult,23.25,Q,0,2,Miss
331,332,0,1,male,Adult,28.5,S,1,0,Mr
332,333,0,1,male,Adult,153.4625,S,1,1,Mr
333,334,0,3,male,Adult,18.0,S,1,2,Mr
334,335,1,1,female,Adult,133.65,S,0,1,Mrs
335,336,0,3,male,Adult,7.8958,S,1,0,Mr
336,337,0,1,male,Adult,66.6,S,1,1,Mr
337,338,1,1,female,Adult,134.5,C,0,0,Miss
338,339,1,3,male,Adult,8.05,S,1,0,Mr
339,340,0,1,male,Adult,35.5,S,1,0,Mr
340,341,1,2,male,Child,26.0,S,1,2,Master
341,342,1,1,female,Adult,263.0,S,0,5,Miss
342,343,0,2,male,Adult,13.0,S,1,0,Mr
343,344,0,2,male,Adult,13.0,S,1,0,Mr
344,345,0,2,male,Adult,13.0,S,1,0,Mr
345,346,1,2,female,Adult,13.0,S,0,0,Miss
346,347,1,2,female,Adult,13.0,S,0,0,Miss
347,348,1,3,female,Adult,16.1,S,0,1,Mrs
348,349,1,3,male,Child,15.9,S,1,2,Master
349,350,0,3,male,Adult,8.6625,S,1,0,Mr
350,351,0,3,male,Adult,9.225,S,1,0,Mr
351,352,0,1,male,Adult,35.0,S,1,0,Mr
352,353,0,3,male,Adult,7.2292,C,1,2,Mr
353,354,0,3,male,Adult,17.8,S,1,1,Mr
354,355,0,3,male,Adult,7.225,C,1,0,Mr
355,356,0,3,male,Adult,9.5,S,1,0,Mr
356,357,1,1,female,Adult,55.0,S,0,1,Miss
357,358,0,2,female,Adult,13.0,S,0,0,Miss
358,359,1,3,female,Adult,7.8792,Q,0,0,Miss
359,360,1,3,female,Adult,7.8792,Q,0,0,Miss
360,361,0,3,male,Adult,27.9,S,1,5,Mr
361,362,0,2,male,Adult,27.7208,C,1,1,Mr
362,363,0,3,female,Adult,14.4542,C,0,1,Mrs
363,364,0,3,male,Adult,7.05,S,1,0,Mr
364,365,0,3,male,Adult,15.5,Q,1,1,Mr
365,366,0,3,male,Adult,7.25,S,1,0,Mr
366,367,1,1,female,Elder,75.25,C,0,1,Mrs
367,368,1,3,female,Adult,7.2292,C,0,0,Mrs
368,369,1,3,female,Adult,7.75,Q,0,0,Miss
369,370,1,1,female,Adult,69.3,C,0,0,Mrs
370,371,1,1,male,Adult,55.4417,C,1,1,Mr
371,372,0,3,male,Adult,6.4958,S,1,1,Mr
372,373,0,3,male,Adult,8.05,S,1,0,Mr
373,374,0,1,male,Adult,135.6333,C,1,0,Mr
374,375,0,3,female,Child,21.075,S,0,4,Miss
375,376,1,1,female,Adult,82.1708,C,0,1,Mrs
376,377,1,3,female,Adult,7.25,S,0,0,Miss
377,378,0,1,male,Adult,211.5,C,1,2,Mr
378,379,0,3,male,Adult,4.0125,C,1,0,Mr
379,380,0,3,male,Adult,7.775,S,1,0,Mr
380,381,1,1,female,Adult,227.525,C,0,0,Miss
381,382,1,3,female,,15.7417,C,0,2,Miss
382,383,0,3,male,Adult,7.925,S,1,0,Mr
383,384,1,1,female,Adult,52.0,S,0,1,Mrs
384,385,0,3,male,Adult,7.8958,S,1,0,Mr
385,386,0,2,male,Adult,73.5,S,1,0,Mr
386,387,0,3,male,,46.9,S,1,7,Master
387,388,1,2,female,Adult,13.0,S,0,0,Miss
388,389,0,3,male,Adult,7.7292,Q,1,0,Mr
389,390,1,2,female,Adult,12.0,C,0,0,Miss
390,391,1,1,male,Adult,120.0,S,1,3,Mr
391,392,1,3,male,Adult,7.7958,S,1,0,Mr
392,393,0,3,male,Adult,7.925,S,1,2,Mr
393,394,1,1,female,Adult,113.275,C,0,1,Miss
394,395,1,3,female,Adult,16.7,S,0,2,Mrs
395,396,0,3,male,Adult,7.7958,S,1,0,Mr
396,397,0,3,female,Adult,7.8542,S,0,0,Miss
397,398,0,2,male,Adult,26.0,S,1,0,Mr
398,399,0,2,male,Adult,10.5,S,1,0,Other
399,400,1,2,female,Adult,12.65,S,0,0,Mrs
400,401,1,3,male,Adult,7.925,S,1,0,Mr
401,402,0,3,male,Adult,8.05,S,1,0,Mr
402,403,0,3,female,Adult,9.825,S,0,1,Miss
403,404,0,3,male,Adult,15.85,S,1,1,Mr
404,405,0,3,female,Adult,8.6625,S,0,0,Miss
405,406,0,2,male,Adult,21.0,S,1,1,Mr
406,407,0,3,male,Elder,7.75,S,1,0,Mr
407,408,1,2,male,Child,18.75,S,1,2,Master
408,409,0,3,male,Adult,7.775,S,1,0,Mr
409,410,0,3,female,Adult,25.4667,S,0,4,Miss
410,411,0,3,male,Adult,7.8958,S,1,0,Mr
411,412,0,3,male,Adult,6.8583,Q,1,0,Mr
412,413,1,1,female,Adult,90.0,Q,0,1,Miss
413,414,0,2,male,Adult,0.0,S,1,0,Mr
414,415,1,3,male,Adult,7.925,S,1,0,Mr
415,416,0,3,female,Adult,8.05,S,0,0,Mrs
416,417,1,2,female,Adult,32.5,S,0,2,Mrs
417,418,1,2,female,Adult,13.0,S,0,2,Miss
418,419,0,2,male,Adult,13.0,S,1,0,Mr
419,420,0,3,female,Child,24.15,S,0,2,Miss
420,421,0,3,male,Adult,7.8958,C,1,0,Mr
421,422,0,3,male,Adult,7.7333,Q,1,0,Mr
422,423,0,3,male,Adult,7.875,S,1,0,Mr
423,424,0,3,female,Adult,14.4,S,0,2,Mrs
424,425,0,3,male,Adult,20.2125,S,1,2,Mr
425,426,0,3,male,Adult,7.25,S,1,0,Mr
426,427,1,2,female,Adult,26.0,S,0,1,Mrs
427,428,1,2,female,Adult,26.0,S,0,0,Miss
428,429,0,3,male,Adult,7.75,Q,1,0,Mr
429,430,1,3,male,Adult,8.05,S,1,0,Mr
430,431,1,1,male,Adult,26.55,S,1,0,Mr
431,432,1,3,female,Adult,16.1,S,0,1,Mrs
432,433,1,2,female,Adult,26.0,S,0,1,Mrs
433,434,0,3,male,Adult,7.125,S,1,0,Mr
434,435,0,1,male,Adult,55.9,S,1,1,Mr
435,436,1,1,female,Adult,120.0,S,0,3,Miss
436,437,0,3,female,Adult,34.375,S,0,4,Miss
437,438,1,2,female,Adult,18.75,S,0,5,Mrs
438,439,0,1,male,Elder,263.0,S,1,5,Mr
439,440,0,2,male,Adult,10.5,S,1,0,Mr
440,441,1,2,female,Adult,26.25,S,0,2,Mrs
441,442,0,3,male,Adult,9.5,S,1,0,Mr
442,443,0,3,male,Adult,7.775,S,1,1,Mr
443,444,1,2,female,Adult,13.0,S,0,0,Miss
444,445,1,3,male,Adult,8.1125,S,1,0,Mr
445,446,1,1,male,Child,81.8583,S,1,2,Master
446,447,1,2,female,Adult,19.5,S,0,1,Miss
447,448,1,1,male,Adult,26.55,S,1,0,Mr
448,449,1,3,female,Child,19.2583,C,0,3,Miss
449,450,1,1,male,Elder,30.5,S,1,0,Other
450,451,0,2,male,Adult,27.75,S,1,3,Mr
451,452,0,3,male,Adult,19.9667,S,1,1,Mr
452,453,0,1,male,Adult,27.75,C,1,0,Mr
453,454,1,1,male,Adult,89.1042,C,1,1,Mr
454,455,0,3,male,Adult,8.05,S,1,0,Mr
455,456,1,3,male,Adult,7.8958,C,1,0,Mr
456,457,0,1,male,Elder,26.55,S,1,0,Mr
457,458,1,1,female,Adult,51.8625,S,0,1,Mrs
458,459,1,2,female,Adult,10.5,S,0,0,Miss
459,460,0,3,male,Adult,7.75,Q,1,0,Mr
460,461,1,1,male,Adult,26.55,S,1,0,Mr
461,462,0,3,male,Adult,8.05,S,1,0,Mr
462,463,0,1,male,Adult,38.5,S,1,0,Mr
463,464,0,2,male,Adult,13.0,S,1,0,Mr
464,465,0,3,male,Adult,8.05,S,1,0,Mr
465,466,0,3,male,Adult,7.05,S,1,0,Mr
466,467,0,2,male,Adult,0.0,S,1,0,Mr
467,468,0,1,male,Elder,26.55,S,1,0,Mr
468,469,0,3,male,Adult,7.725,Q,1,0,Mr
469,470,1,3,female,,19.2583,C,0,3,Miss
470,471,0,3,male,Adult,7.25,S,1,0,Mr
471,472,0,3,male,Adult,8.6625,S,1,0,Mr
472,473,1,2,female,Adult,27.75,S,0,3,Mrs
473,474,1,2,female,Adult,13.7917,C,0,0,Mrs
474,475,0,3,female,Adult,9.8375,S,0,0,Miss
475,476,0,1,male,Adult,52.0,S,1,0,Mr
476,477,0,2,male,Adult,21.0,S,1,1,Mr
477,478,0,3,male,Adult,7.0458,S,1,1,Mr
478,479,0,3,male,Adult,7.5208,S,1,0,Mr
479,480,1,3,female,Child,12.2875,S,0,1,Miss
480,481,0,3,male,Child,46.9,S,1,7,Master
481,482,0,2,male,Adult,0.0,S,1,0,Mr
482,483,0,3,male,Adult,8.05,S,1,0,Mr
483,484,1,3,female,Elder,9.5875,S,0,0,Mrs
484,485,1,1,male,Adult,91.0792,C,1,1,Mr
485,486,0,3,female,Adult,25.4667,S,0,4,Miss
486,487,1,1,female,Adult,90.0,S,0,1,Mrs
487,488,0,1,male,Elder,29.7,C,1,0,Mr
488,489,0,3,male,Adult,8.05,S,1,0,Mr
489,490,1,3,male,Child,15.9,S,1,2,Master
490,491,0,3,male,Adult,19.9667,S,1,1,Mr
491,492,0,3,male,Adult,7.25,S,1,0,Mr
492,493,0,1,male,Elder,30.5,S,1,0,Mr
493,494,0,1,male,Elder,49.5042,C,1,0,Mr
494,495,0,3,male,Adult,8.05,S,1,0,Mr
495,496,0,3,male,Adult,14.4583,C,1,0,Mr
496,497,1,1,female,Elder,78.2667,C,0,1,Miss
497,498,0,3,male,Adult,15.1,S,1,0,Mr
498,499,0,1,female,Adult,151.55,S,0,3,Mrs
499,500,0,3,male,Adult,7.7958,S,1,0,Mr
500,501,0,3,male,Adult,8.6625,S,1,0,Mr
501,502,0,3,female,Adult,7.75,Q,0,0,Miss
502,503,0,3,female,Adult,7.6292,Q,0,0,Miss
503,504,0,3,female,Adult,9.5875,S,0,0,Miss
504,505,1,1,female,Adult,86.5,S,0,0,Miss
505,506,0,1,male,Adult,108.9,C,1,1,Mr
506,507,1,2,female,Adult,26.0,S,0,2,Mrs
507,508,1,1,male,Adult,26.55,S,1,0,Mr
508,509,0,3,male,Adult,22.525,S,1,0,Mr
509,510,1,3,male,Adult,56.4958,S,1,0,Mr
510,511,1,3,male,Adult,7.75,Q,1,0,Mr
511,512,0,3,male,Adult,8.05,S,1,0,Mr
512,513,1,1,male,Adult,26.2875,S,1,0,Mr
513,514,1,1,female,Elder,59.4,C,0,1,Mrs
514,515,0,3,male,Adult,7.4958,S,1,0,Mr
515,516,0,1,male,Adult,34.0208,S,1,0,Mr
516,517,1,2,female,Adult,10.5,S,0,0,Mrs
517,518,0,3,male,Adult,24.15,Q,1,0,Mr
518,519,1,2,female,Adult,26.0,S,0,1,Mrs
519,520,0,3,male,Adult,7.8958,S,1,0,Mr
520,521,1,1,female,Adult,93.5,S,0,0,Miss
521,522,0,3,male,Adult,7.8958,S,1,0,Mr
522,523,0,3,male,Adult,7.225,C,1,0,Mr
523,524,1,1,female,Adult,57.9792,C,0,1,Mrs
524,525,0,3,male,Adult,7.2292,C,1,0,Mr
525,526,0,3,male,Adult,7.75,Q,1,0,Mr
526,527,1,2,female,Adult,10.5,S,0,0,Miss
527,528,0,1,male,Adult,221.7792,S,1,0,Mr
528,529,0,3,male,Adult,7.925,S,1,0,Mr
529,530,0,2,male,Adult,11.5,S,1,3,Mr
530,531,1,2,female,Child,26.0,S,0,2,Miss
531,532,0,3,male,Adult,7.2292,C,1,0,Mr
532,533,0,3,male,Adult,7.2292,C,1,2,Mr
533,534,1,3,female,Adult,22.3583,C,0,2,Mrs
534,535,0,3,female,Adult,8.6625,S,0,0,Miss
535,536,1,2,female,Child,26.25,S,0,2,Miss
536,537,0,1,male,Adult,26.55,S,1,0,Other
537,538,1,1,female,Adult,106.425,C,0,0,Miss
538,539,0,3,male,Adult,14.5,S,1,0,Mr
539,540,1,1,female,Adult,49.5,C,0,2,Miss
540,541,1,1,female,Adult,71.0,S,0,2,Miss
541,542,0,3,female,Child,31.275,S,0,6,Miss
542,543,0,3,female,Child,31.275,S,0,6,Miss
543,544,1,2,male,Adult,26.0,S,1,1,Mr
544,545,0,1,male,Adult,106.425,C,1,1,Mr
545,546,0,1,male,Elder,26.0,S,1,0,Mr
546,547,1,2,female,Adult,26.0,S,0,1,Mrs
547,548,1,2,male,Adult,13.8625,C,1,0,Mr
548,549,0,3,male,Adult,20.525,S,1,2,Mr
549,550,1,2,male,Child,36.75,S,1,2,Master
550,551,1,1,male,Adult,110.8833,C,1,2,Mr
551,552,0,2,male,Adult,26.0,S,1,0,Mr
552,553,0,3,male,Adult,7.8292,Q,1,0,Mr
553,554,1,3,male,Adult,7.225,C,1,0,Mr
554,555,1,3,female,Adult,7.775,S,0,0,Miss
555,556,0,1,male,Elder,26.55,S,1,0,Mr
556,557,1,1,female,Adult,39.6,C,0,1,Other
557,558,0,1,male,Adult,227.525,C,1,0,Mr
558,559,1,1,female,Adult,79.65,S,0,2,Mrs
559,560,1,3,female,Adult,17.4,S,0,1,Mrs
560,561,0,3,male,Adult,7.75,Q,1,0,Mr
561,562,0,3,male,Adult,7.8958,S,1,0,Mr
562,563,0,2,male,Adult,13.5,S,1,0,Mr
563,564,0,3,male,Adult,8.05,S,1,0,Mr
564,565,0,3,female,Adult,8.05,S,0,0,Miss
565,566,0,3,male,Adult,24.15,S,1,2,Mr
566,567,0,3,male,Adult,7.8958,S,1,0,Mr
567,568,0,3,female,Adult,21.075,S,0,4,Mrs
568,569,0,3,male,Adult,7.2292,C,1,0,Mr
569,570,1,3,male,Adult,7.8542,S,1,0,Mr
570,571,1,2,male,Elder,10.5,S,1,0,Mr
571,572,1,1,female,Elder,51.4792,S,0,2,Mrs
572,573,1,1,male,Adult,26.3875,S,1,0,Mr
573,574,1,3,female,Adult,7.75,Q,0,0,Miss
574,575,0,3,male,Adult,8.05,S,1,0,Mr
575,576,0,3,male,Adult,14.5,S,1,0,Mr
576,577,1,2,female,Adult,13.0,S,0,0,Miss
577,578,1,1,female,Adult,55.9,S,0,1,Mrs
578,579,0,3,female,Adult,14.4583,C,0,1,Mrs
579,580,1,3,male,Adult,7.925,S,1,0,Mr
580,581,1,2,female,Adult,30.0,S,0,2,Miss
581,582,1,1,female,Adult,110.8833,C,0,2,Mrs
582,583,0,2,male,Elder,26.0,S,1,0,Mr
583,584,0,1,male,Adult,40.125,C,1,0,Mr
584,585,0,3,male,Adult,8.7125,C,1,0,Mr
585,586,1,1,female,Adult,79.65,S,0,2,Miss
586,587,0,2,male,Adult,15.0,S,1,0,Mr
587,588,1,1,male,Elder,79.2,C,1,2,Mr
588,589,0,3,male,Adult,8.05,S,1,0,Mr
589,590,0,3,male,Adult,8.05,S,1,0,Mr
590,591,0,3,male,Adult,7.125,S,1,0,Mr
591,592,1,1,female,Elder,78.2667,C,0,1,Mrs
592,593,0,3,male,Adult,7.25,S,1,0,Mr
593,594,0,3,female,Adult,7.75,Q,0,2,Miss
594,595,0,2,male,Adult,26.0,S,1,1,Mr
595,596,0,3,male,Adult,24.15,S,1,2,Mr
596,597,1,2,female,Adult,33.0,S,0,0,Miss
597,598,0,3,male,Adult,0.0,S,1,0,Mr
598,599,0,3,male,Adult,7.225,C,1,0,Mr
599,600,1,1,male,Adult,56.9292,C,1,1,Other
600,601,1,2,female,Adult,27.0,S,0,3,Mrs
601,602,0,3,male,Adult,7.8958,S,1,0,Mr
602,603,0,1,male,Adult,42.4,S,1,0,Mr
603,604,0,3,male,Adult,8.05,S,1,0,Mr
604,605,1,1,male,Adult,26.55,C,1,0,Mr
605,606,0,3,male,Adult,15.55,S,1,1,Mr
606,607,0,3,male,Adult,7.8958,S,1,0,Mr
607,608,1,1,male,Adult,30.5,S,1,0,Mr
608,609,1,2,female,Adult,41.5792,C,0,3,Mrs
609,610,1,1,female,Adult,153.4625,S,0,0,Miss
610,611,0,3,female,Adult,31.275,S,0,6,Mrs
611,612,0,3,male,Adult,7.05,S,1,0,Mr
612,613,1,3,female,Adult,15.5,Q,0,1,Miss
613,614,0,3,male,Adult,7.75,Q,1,0,Mr
614,615,0,3,male,Adult,8.05,S,1,0,Mr
615,616,1,2,female,Adult,65.0,S,0,3,Miss
616,617,0,3,male,Adult,14.4,S,1,2,Mr
617,618,0,3,female,Adult,16.1,S,0,1,Mrs
618,619,1,2,female,Child,39.0,S,0,3,Miss
619,620,0,2,male,Adult,10.5,S,1,0,Mr
620,621,0,3,male,Adult,14.4542,C,1,1,Mr
621,622,1,1,male,Adult,52.5542,S,1,1,Mr
622,623,1,3,male,Adult,15.7417,C,1,2,Mr
623,624,0,3,male,Adult,7.8542,S,1,0,Mr
624,625,0,3,male,Adult,16.1,S,1,0,Mr
625,626,0,1,male,Elder,32.3208,S,1,0,Mr
626,627,0,2,male,Elder,12.35,Q,1,0,Other
627,628,1,1,female,Adult,77.9583,S,0,0,Miss
628,629,0,3,male,Adult,7.8958,S,1,0,Mr
629,630,0,3,male,Adult,7.7333,Q,1,0,Mr
630,631,1,1,male,Elder,30.0,S,1,0,Mr
631,632,0,3,male,Elder,7.0542,S,1,0,Mr
632,633,1,1,male,Adult,30.5,C,1,0,Other
633,634,0,1,male,Adult,0.0,S,1,0,Mr
634,635,0,3,female,Child,27.9,S,0,5,Miss
635,636,1,2,female,Adult,13.0,S,0,0,Miss
636,637,0,3,male,Adult,7.925,S,1,0,Mr
637,638,0,2,male,Adult,26.25,S,1,2,Mr
638,639,0,3,female,Adult,39.6875,S,0,5,Mrs
639,640,0,3,male,Adult,16.1,S,1,1,Mr
640,641,0,3,male,Adult,7.8542,S,1,0,Mr
641,642,1,1,female,Adult,69.3,C,0,0,Miss
642,643,0,3,female,Child,27.9,S,0,5,Miss
643,644,1,3,male,Adult,56.4958,S,1,0,Mr
644,645,1,3,female,,19.2583,C,0,3,Miss
645,646,1,1,male,Adult,76.7292,C,1,1,Mr
646,647,0,3,male,Adult,7.8958,S,1,0,Mr
647,648,1,1,male,Elder,35.5,C,1,0,
648,649,0,3,male,Adult,7.55,S,1,0,Mr
649,650,1,3,female,Adult,7.55,S,0,0,Miss
650,651,0,3,male,Adult,7.8958,S,1,0,Mr
651,652,1,2,female,Adult,23.0,S,0,1,Miss
652,653,0,3,male,Adult,8.4333,S,1,0,Mr
653,654,1,3,female,Adult,7.8292,Q,0,0,Miss
654,655,0,3,female,Adult,6.75,Q,0,0,Miss
655,656,0,2,male,Adult,73.5,S,1,2,Mr
656,657,0,3,male,Adult,7.8958,S,1,0,Mr
657,658,0,3,female,Adult,15.5,Q,0,2,Mrs
658,659,0,2,male,Adult,13.0,S,1,0,Mr
659,660,0,1,male,Elder,113.275,C,1,2,Mr
660,661,1,1,male,Adult,133.65,S,1,2,Other
661,662,0,3,male,Adult,7.225,C,1,0,Mr
662,663,0,1,male,Adult,25.5875,S,1,0,Mr
663,664,0,3,male,Adult,7.4958,S,1,0,Mr
664,665,1,3,male,Adult,7.925,S,1,1,Mr
665,666,0,2,male,Adult,73.5,S,1,2,Mr
666,667,0,2,male,Adult,13.0,S,1,0,Mr
667,668,0,3,male,Adult,7.775,S,1,0,Mr
668,669,0,3,male,Adult,8.05,S,1,0,Mr
669,670,1,1,female,Adult,52.0,S,0,1,Mrs
670,671,1,2,female,Adult,39.0,S,0,2,Mrs
671,672,0,1,male,Adult,52.0,S,1,1,Mr
672,673,0,2,male,Elder,10.5,S,1,0,Mr
673,674,1,2,male,Adult,13.0,S,1,0,Mr
674,675,0,2,male,Adult,0.0,S,1,0,Mr
675,676,0,3,male,Adult,7.775,S,1,0,Mr
676,677,0,3,male,Adult,8.05,S,1,0,Mr
677,678,1,3,female,Adult,9.8417,S,0,0,Miss
678,679,0,3,female,Adult,46.9,S,0,7,Mrs
679,680,1,1,male,Adult,512.3292,C,1,1,Mr
680,681,0,3,female,Adult,8.1375,Q,0,0,Miss
681,682,1,1,male,Adult,76.7292,C,1,0,Mr
682,683,0,3,male,Adult,9.225,S,1,0,Mr
683,684,0,3,male,Adult,46.9,S,1,7,Mr
684,685,0,2,male,Elder,39.0,S,1,2,Mr
685,686,0,2,male,Adult,41.5792,C,1,3,Mr
686,687,0,3,male,Adult,39.6875,S,1,5,Mr
687,688,0,3,male,Adult,10.1708,S,1,0,Mr
688,689,0,3,male,Adult,7.7958,S,1,0,Mr
689,690,1,1,female,Adult,211.3375,S,0,1,Miss
690,691,1,1,male,Adult,57.0,S,1,1,Mr
691,692,1,3,female,Child,13.4167,C,0,1,Miss
692,693,1,3,male,Adult,56.4958,S,1,0,Mr
693,694,0,3,male,Adult,7.225,C,1,0,Mr
694,695,0,1,male,Elder,26.55,S,1,0,
695,696,0,2,male,Elder,13.5,S,1,0,Mr
696,697,0,3,male,Adult,8.05,S,1,0,Mr
697,698,1,3,female,Adult,7.7333,Q,0,0,Miss
698,699,0,1,male,Adult,110.8833,C,1,2,Mr
699,700,0,3,male,Adult,7.65,S,1,0,Mr
700,701,1,1,female,Adult,227.525,C,0,1,Mrs
701,702,1,1,male,Adult,26.2875,S,1,0,Mr
702,703,0,3,female,Adult,14.4542,C,0,1,Miss
703,704,0,3,male,Adult,7.7417,Q,1,0,Mr
704,705,0,3,male,Adult,7.8542,S,1,1,Mr
705,706,0,2,male,Adult,26.0,S,1,0,Mr
706,707,1,2,female,Adult,13.5,S,0,0,Mrs
707,708,1,1,male,Adult,26.2875,S,1,0,Mr
708,709,1,1,female,Adult,151.55,S,0,0,Miss
709,710,1,3,male,Child,15.2458,C,1,2,Master
710,711,1,1,female,Adult,49.5042,C,0,0,Miss
711,712,0,1,male,Adult,26.55,S,1,0,Mr
712,713,1,1,male,Adult,52.0,S,1,1,Mr
713,714,0,3,male,Adult,9.4833,S,1,0,Mr
714,715,0,2,male,Elder,13.0,S,1,0,Mr
715,716,0,3,male,Adult,7.65,S,1,0,Mr
716,717,1,1,female,Adult,227.525,C,0,0,Miss
717,718,1,2,female,Adult,10.5,S,0,0,Miss
718,719,0,3,male,Adult,15.5,Q,1,0,Mr
719,720,0,3,male,Adult,7.775,S,1,0,Mr
720,721,1,2,female,Child,33.0,S,0,1,Miss
721,722,0,3,male,Adult,7.0542,S,1,1,Mr
722,723,0,2,male,Adult,13.0,S,1,0,Mr
723,724,0,2,male,Adult,13.0,S,1,0,Mr
724,725,1,1,male,Adult,53.1,S,1,1,Mr
725,726,0,3,male,Adult,8.6625,S,1,0,Mr
726,727,1,2,female,Adult,21.0,S,0,3,Mrs
727,728,1,3,female,Adult,7.7375,Q,0,0,Miss
728,729,0,2,male,Adult,26.0,S,1,1,Mr
729,730,0,3,female,Adult,7.925,S,0,1,Miss
730,731,1,1,female,Adult,211.3375,S,0,0,Miss
731,732,0,3,male,Child,18.7875,C,1,0,Mr
732,733,0,2,male,Adult,0.0,S,1,0,Mr
733,734,0,2,male,Adult,13.0,S,1,0,Mr
734,735,0,2,male,Adult,13.0,S,1,0,Mr
735,736,0,3,male,Adult,16.1,S,1,0,Mr
736,737,0,3,female,Adult,34.375,S,0,4,Mrs
737,738,1,1,male,Adult,512.3292,C,1,0,Mr
738,739,0,3,male,Adult,7.8958,S,1,0,Mr
739,740,0,3,male,Adult,7.8958,S,1,0,Mr
740,741,1,1,male,Adult,30.0,S,1,0,Mr
741,742,0,1,male,Adult,78.85,S,1,1,Mr
742,743,1,1,female,Adult,262.375,C,0,4,Miss
743,744,0,3,male,Adult,16.1,S,1,1,Mr
744,745,1,3,male,Adult,7.925,S,1,0,Mr
745,746,0,1,male,Elder,71.0,S,1,2,Other
746,747,0,3,male,Adult,20.25,S,1,2,Mr
747,748,1,2,female,Adult,13.0,S,0,0,Miss
748,749,0,1,male,Adult,53.1,S,1,1,Mr
749,750,0,3,male,Adult,7.75,Q,1,0,Mr
750,751,1,2,female,Child,23.0,S,0,2,Miss
751,752,1,3,male,Child,12.475,S,1,1,Master
752,753,0,3,male,Adult,9.5,S,1,0,Mr
753,754,0,3,male,Adult,7.8958,S,1,0,Mr
754,755,1,2,female,Adult,65.0,S,0,3,Mrs
755,756,1,2,male,,14.5,S,1,2,Master
756,757,0,3,male,Adult,7.7958,S,1,0,Mr
757,758,0,2,male,Adult,11.5,S,1,0,Mr
758,759,0,3,male,Adult,8.05,S,1,0,Mr
759,760,1,1,female,Adult,86.5,S,0,0,Other
760,761,0,3,male,Adult,14.5,S,1,0,Mr
761,762,0,3,male,Adult,7.125,S,1,0,Mr
762,763,1,3,male,Adult,7.2292,C,1,0,Mr
763,764,1,1,female,Adult,120.0,S,0,3,Mrs
764,765,0,3,male,Adult,7.775,S,1,0,Mr
765,766,1,1,female,Elder,77.9583,S,0,1,Mrs
766,767,0,1,male,Adult,39.6,C,1,0,Other
767,768,0,3,female,Adult,7.75,Q,0,0,Miss
768,769,0,3,male,Adult,24.15,Q,1,1,Mr
769,770,0,3,male,Adult,8.3625,S,1,0,Mr
770,771,0,3,male,Adult,9.5,S,1,0,Mr
771,772,0,3,male,Adult,7.8542,S,1,0,Mr
772,773,0,2,female,Elder,10.5,S,0,0,Mrs
773,774,0,3,male,Adult,7.225,C,1,0,Mr
774,775,1,2,female,Elder,23.0,S,0,4,Mrs
775,776,0,3,male,Adult,7.75,S,1,0,Mr
776,777,0,3,male,Adult,7.75,Q,1,0,Mr
777,778,1,3,female,Child,12.475,S,0,0,Miss
778,779,0,3,male,Adult,7.7375,Q,1,0,Mr
779,780,1,1,female,Adult,211.3375,S,0,1,Mrs
780,781,1,3,female,Adult,7.2292,C,0,0,Miss
781,782,1,1,female,Adult,57.0,S,0,1,Mrs
782,783,0,1,male,Adult,30.0,S,1,0,Mr
783,784,0,3,male,Adult,23.45,S,1,3,Mr
784,785,0,3,male,Adult,7.05,S,1,0,Mr
785,786,0,3,male,Adult,7.25,S,1,0,Mr
786,787,1,3,female,Adult,7.4958,S,0,0,Miss
787,788,0,3,male,Child,29.125,Q,1,5,Master
788,789,1,3,male,,20.575,S,1,3,Master
789,790,0,1,male,Adult,79.2,C,1,0,Mr
790,791,0,3,male,Adult,7.75,Q,1,0,Mr
791,792,0,2,male,Adult,26.0,S,1,0,Mr
792,793,0,3,female,Adult,69.55,S,0,10,Miss
793,794,0,1,male,Adult,30.6958,C,1,0,Mr
794,795,0,3,male,Adult,7.8958,S,1,0,Mr
795,796,0,2,male,Adult,13.0,S,1,0,Mr
796,797,1,1,female,Adult,25.9292,S,0,0,Other
797,798,1,3,female,Adult,8.6833,S,0,0,Mrs
798,799,0,3,male,Adult,7.2292,C,1,0,Mr
799,800,0,3,female,Adult,24.15,S,0,2,Mrs
800,801,0,2,male,Adult,13.0,S,1,0,Mr
801,802,1,2,female,Adult,26.25,S,0,2,Mrs
802,803,1,1,male,Child,120.0,S,1,3,Master
803,804,1,3,male,,8.5167,C,1,1,Master
804,805,1,3,male,Adult,6.975,S,1,0,Mr
805,806,0,3,male,Adult,7.775,S,1,0,Mr
806,807,0,1,male,Adult,0.0,S,1,0,Mr
807,808,0,3,female,Adult,7.775,S,0,0,Miss
808,809,0,2,male,Adult,13.0,S,1,0,Mr
809,810,1,1,female,Adult,53.1,S,0,1,Mrs
810,811,0,3,male,Adult,7.8875,S,1,0,Mr
811,812,0,3,male,Adult,24.15,S,1,0,Mr
812,813,0,2,male,Adult,10.5,S,1,0,Mr
813,814,0,3,female,Child,31.275,S,0,6,Miss
814,815,0,3,male,Adult,8.05,S,1,0,Mr
815,816,0,1,male,Adult,0.0,S,1,0,Mr
816,817,0,3,female,Adult,7.925,S,0,0,Miss
817,818,0,2,male,Adult,37.0042,C,1,2,Mr
818,819,0,3,male,Adult,6.45,S,1,0,Mr
819,820,0,3,male,Child,27.9,S,1,5,Master
820,821,1,1,female,Elder,93.5,S,0,2,Mrs
821,822,1,3,male,Adult,8.6625,S,1,0,Mr
822,823,0,1,male,Adult,0.0,S,1,0,Other
823,824,1,3,female,Adult,12.475,S,0,1,Mrs
824,825,0,3,male,Child,39.6875,S,1,5,Master
825,826,0,3,male,Adult,6.95,Q,1,0,Mr
826,827,0,3,male,Adult,56.4958,S,1,0,Mr
827,828,1,2,male,,37.0042,C,1,2,Master
828,829,1,3,male,Adult,7.75,Q,1,0,Mr
829,830,1,1,female,Elder,80.0,,0,0,Mrs
830,831,1,3,female,Adult,14.4542,C,0,1,Mrs
831,832,1,2,male,,18.75,S,1,2,Master
832,833,0,3,male,Adult,7.2292,C,1,0,Mr
833,834,0,3,male,Adult,7.8542,S,1,0,Mr
834,835,0,3,male,Adult,8.3,S,1,0,Mr
835,836,1,1,female,Adult,83.1583,C,0,2,Miss
836,837,0,3,male,Adult,8.6625,S,1,0,Mr
837,838,0,3,male,Adult,8.05,S,1,0,Mr
838,839,1,3,male,Adult,56.4958,S,1,0,Mr
839,840,1,1,male,Adult,29.7,C,1,0,Mr
840,841,0,3,male,Adult,7.925,S,1,0,Mr
841,842,0,2,male,Adult,10.5,S,1,0,Mr
842,843,1,1,female,Adult,31.0,C,0,0,Miss
843,844,0,3,male,Adult,6.4375,C,1,0,Mr
844,845,0,3,male,Adult,8.6625,S,1,0,Mr
845,846,0,3,male,Adult,7.55,S,1,0,Mr
846,847,0,3,male,Adult,69.55,S,1,10,Mr
847,848,0,3,male,Adult,7.8958,C,1,0,Mr
848,849,0,2,male,Adult,33.0,S,1,1,Other
849,850,1,1,female,Adult,89.1042,C,0,1,Mrs
850,851,0,3,male,Child,31.275,S,1,6,Master
851,852,0,3,male,Elder,7.775,S,1,0,Mr
852,853,0,3,female,Child,15.2458,C,0,2,Miss
853,854,1,1,female,Adult,39.4,S,0,1,Miss
854,855,0,2,female,Adult,26.0,S,0,1,Mrs
855,856,1,3,female,Adult,9.35,S,0,1,Mrs
856,857,1,1,female,Adult,164.8667,S,0,2,Mrs
857,858,1,1,male,Elder,26.55,S,1,0,Mr
858,859,1,3,female,Adult,19.2583,C,0,3,Mrs
859,860,0,3,male,Adult,7.2292,C,1,0,Mr
860,861,0,3,male,Adult,14.1083,S,1,2,Mr
861,862,0,2,male,Adult,11.5,S,1,1,Mr
862,863,1,1,female,Adult,25.9292,S,0,0,Mrs
863,864,0,3,female,Adult,69.55,S,0,10,Miss
864,865,0,2,male,Adult,13.0,S,1,0,Mr
865,866,1,2,female,Adult,13.0,S,0,0,Mrs
866,867,1,2,female,Adult,13.8583,C,0,1,Miss
867,868,0,1,male,Adult,50.4958,S,1,0,Mr
868,869,0,3,male,Adult,9.5,S,1,0,Mr
869,870,1,3,male,Child,11.1333,S,1,2,Master
870,871,0,3,male,Adult,7.8958,S,1,0,Mr
871,872,1,1,female,Adult,52.5542,S,0,2,Mrs
872,873,0,1,male,Adult,5.0,S,1,0,Mr
873,874,0,3,male,Adult,9.0,S,1,0,Mr
874,875,1,2,female,Adult,24.0,C,0,1,Mrs
875,876,1,3,female,Adult,7.225,C,0,0,Miss
876,877,0,3,male,Adult,9.8458,S,1,0,Mr
877,878,0,3,male,Adult,7.8958,S,1,0,Mr
878,879,0,3,male,Adult,7.8958,S,1,0,Mr
879,880,1,1,female,Elder,83.1583,C,0,1,Mrs
880,881,1,2,female,Adult,26.0,S,0,1,Mrs
881,882,0,3,male,Adult,7.8958,S,1,0,Mr
882,883,0,3,female,Adult,10.5167,S,0,0,Miss
883,884,0,2,male,Adult,10.5,S,1,0,Mr
884,885,0,3,male,Adult,7.05,S,1,0,Mr
885,886,0,3,female,Adult,29.125,Q,0,5,Mrs
886,887,0,2,male,Adult,13.0,S,1,0,Other
887,888,1,1,female,Adult,30.0,S,0,0,Miss
888,889,0,3,female,Adult,23.45,S,0,3,Miss
889,890,1,1,male,Adult,30.0,C,1,0,Mr
890,891,0,3,male,Adult,7.75,Q,1,0,Mr
